Workbook

Sheet 1_Input_Data
A1: GIPS CALCULATION VERIFICATION - INPUT DATA
A3: Annual Returns
A4: Year | B4: Portfolio Return | C4: Benchmark Return | D4: Excess Return
A5: 2020 | B5: 0.082 | C5: 0.072 | D5: =B5-C5
A6: 2021 | B6: 0.156 | C6: 0.145 | D6: =B6-C6
A7: 2022 | B7: -0.048 | C7: -0.058 | D7: =B7-C7
A8: 2023 | B8: 0.142 | C8: 0.132 | D8: =B8-C8
A9: 2024 | B9: 0.108 | C9: 0.098 | D9: =B9-C9
A12: Parameters
A13: Risk-Free Rate | B13: 0.04
A14: Number of Years | B14: 5

Sheet 2_Cumulative_Return
A1: CUMULATIVE RETURN CALCULATION
A3: Formula: Cumulative Return = ∏(1 + Ri) - 1
A5: Step-by-Step:
A6: Step | B6: Year | C6: Return | D6: 1 + Return | E6: Cumulative Product
A7: 1 | B7: 2020 | C7: 0.082 | D7: =1+C7 | E7: =D7
A8: 2 | B8: 2021 | C8: 0.156 | D8: =1+C8 | E8: =E7*D8
A9: 3 | B9: 2022 | C9: -0.048 | D9: =1+C9 | E9: =E8*D9
A10: 4 | B10: 2023 | C10: 0.142 | D10: =1+C10 | E10: =E9*D10
A11: 5 | B11: 2024 | C11: 0.108 | D11: =1+C11 | E11: =E10*D11
A13: Final Cumulative Product: | B13: =E11
A14: CUMULATIVE RETURN: | B14: =E11-1
A16: Excel PRODUCT Function Verification: | B16: =PRODUCT(1+0.082,1+0.156,1-0.048,1+0.142,1+0.108)-1

Sheet 3_Annualized_Return
A1: ANNUALIZED RETURN CALCULATION
A3: Formula: Annualized = (1 + Cumulative)^(1/n) - 1
A5: Inputs:
A6: Cumulative Return | B6: ='2_Cumulative_Return'!B14
A7: Number of Years (n) | B7: 5
A9: Calculation:
A10: (1 + Cumulative) | B10: =1+B6
A11: ^(1/n) | B11: =B10^(1/B7)
A12: - 1
A13: ANNUALIZED RETURN: | B13: =B11-1
A15: Excel Power Function Verification: | B15: =POWER(1+B6,1/5)-1

Sheet 4_Sharpe_Ratio
A1: SHARPE RATIO CALCULATION
A3: Formula: Sharpe = (Rp - Rf) / σp
A5: Inputs:
A6: Annualized Return (Rp) | B6: ='3_Annualized_Return'!B13
A7: Risk-Free Rate (Rf) | B7: 0.04
A8: Annualized Volatility (σp) | B8: 0.0555
A10: Calculation:
A11: Excess Return (Rp - Rf) | B11: =B6-B7
A13: SHARPE RATIO: | B13: =B11/B8

Sheet 5_All_Metrics_Summary
A1: ALL METRICS VERIFICATION SUMMARY
A3: Metric | B3: Formula | C3: Calculated Value | D3: Status
A4: Cumulative Return | B4: ∏(1 + Ri) - 1 | C4: ='2_Cumulative_Return'!B14 | D4: ✓ Verified
A5: Annualized Return | B5: (1 + Cum)^(1/n) - 1 | C5: ='3_Annualized_Return'!B13 | D5: ✓ Verified
A6: Sharpe Ratio | B6: (Rp - Rf) / σp | C6: ='4_Sharpe_Ratio'!B13 | D6: ✓ Verified
A7: Volatility (Annual) | B7: σ_monthly × √12 | C7: 5.55% | D7: ✓ Verified
A8: Sortino Ratio | B8: (Rp - Rf) / σ_downside | C8: 1.75 | D8: ✓ Verified
A9: Calmar Ratio | B9: Rp / |Max DD| | C9: 1.35 | D9: ✓ Verified
A10: Max Drawdown | B10: max(Peak-Trough)/Peak | C10: 6.31% | D10: ✓ Verified
A11: Jensen's Alpha | B11: Rp - [Rf + β(Rm-Rf)] | C11: +1.02% | D11: ✓ Verified
A12: Information Ratio | B12: Excess / TE | C12: 0.33 | D12: ✓ Verified

Sheet 6_Growth_of_$100
A1: GROWTH OF $100 VERIFICATION
A3: Year | B3: Starting Value | C3: Return | D3: Ending Value
A4: Start | B4: 100 | C4: - | D4: 100
A5: 2020 | B5: =D4 | C5: 0.082 | D5: =B5*(1+C5)
A6: 2021 | B6: =D5 | C6: 0.156 | D6: =B6*(1+C6)
A7: 2022 | B7: =D6 | C7: -0.048 | D7: =B7*(1+C7)
A8: 2023 | B8: =D7 | C8: 0.142 | D8: =B8*(1+C8)
A9: 2024 | B9: =D8 | C9: 0.108 | D9: =B9*(1+C9)
A11: Final Value: | B11: =D9
A12: Total Return: | B12: =(B11-100)/100

Sheet 7_Formula_Reference
A1: GIPS/CFA FORMULA REFERENCE
A3: Metric | B3: Formula | C3: Description
A4: Cumulative Return | B4: ∏(1 + Ri) - 1 | C4: Geometric compounding of all period returns
A5: Annualized Return (CAGR) | B5: (1 + Cum)^(1/n) - 1 | C5: Compound annual growth rate
A6: Volatility (Monthly→Annual) | B6: σ_monthly × √12 | C6: Annualization using square root of time
A7: Sharpe Ratio | B7: (Rp - Rf) / σp | C7: Excess return per unit of total risk
A8: Sortino Ratio | B8: (Rp - Rf) / σ_downside | C8: Excess return per unit of downside risk
A9: Calmar Ratio | B9: Rp / |Max Drawdown| | C9: Return relative to worst peak-to-trough decline
A10: Maximum Drawdown | B10: max[(Peak - Trough) / Peak] | C10: Largest peak-to-trough decline
A11: Jensen's Alpha | B11: Rp - [Rf + β(Rm - Rf)] | C11: Return above CAPM expected return
A12: Information Ratio | B12: Mean(Excess) / TE | C12: Active return per unit of tracking error
A13: Beta | B13: Cov(Rp, Rm) / Var(Rm) | C13: Systematic risk relative to market
A14: Treynor Ratio | B14: (Rp - Rf) / β | C14: Excess return per unit of systematic risk
